id,medium,url,headline,kicker,teaser,llm_topic,baseline_topic
130,tagesschau-faktenfinder,https://www.tagesschau.de/faktenfinder/freibad-schwimmbad-randale-101.html,Angstmache am Beckenrand,Freibäder in Berlin,"Glaubt man Berichten im Netz und in einigen Medien, kann man Freibäder in Berlin kaum noch betreten. Die AfD veröffentlichte nun ein Video über ein angebliches ""Chaosbad"". Betreiber und Polizei widersprechen.",Kriminalität in Schwimmbädern,Extremismus & Sicherheit
366,tagesschau-faktenfinder,https://www.tagesschau.de/faktenfinder/oesterreich-alternative-medien-101.html,"""Völkische Entwicklungshilfe"" aus Österreich",Sender AUF1,Der österreichische rechtsalternative Sender AUF1 verbreitet zum Teil rechtsextreme und verschwörungsideologische Inhalte. Deutschland rückt dabei immer mehr in den Fokus der Berichterstattung.,Rechtsextremismus,Extremismus & Sicherheit
476,tagesschau-faktenfinder,https://www.tagesschau.de/faktenfinder/kontext/russland-afrika-desinformation-100.html,Russlands Strategie für Afrika,Desinformation,"In mehreren afrikanischen Ländern versucht Russland, seinen Einfluss auszuweiten - in politisch fragilen Staaten durchaus mit Erfolg, sagen Experten. Eine wichtige Rolle dabei spielt die Wagner-Gruppe.",Russland-Afrika,Krisengebiete & Geopolitik
464,tagesschau-faktenfinder,https://www.tagesschau.de/faktenfinder/kontext/wahl-russland-desinformation-100.html,Der Schein einer Wahl,Russland,Bei ausländischen Wahlen spielt Desinformation aus Russland oft eine Rolle. Für die nun anstehende Abstimmung im eigenen Land gibt es laut Experten aber keine Kampagne. Das liegt vor allem am System von Präsident Putin.,Russische Präsidentschaftswahl,Krisengebiete & Geopolitik
461,tagesschau-faktenfinder,https://www.tagesschau.de/faktenfinder/kontext/russland-sanktionen-eu-114.html,Die Sanktionen wirken - und nutzen dennoch wenig,Russland,Vor mehr als zwei Jahren verhängte die EU ihr erstes großes Sanktionspaket gegen Russland nach dessen Invasion in die Ukraine - zwölf weitere folgten. Dennoch wächst die russische Wirtschaft weiter. Wie kommt das?,Russland-Sanktionen,Krisengebiete & Geopolitik
475,tagesschau-faktenfinder,https://www.tagesschau.de/faktenfinder/kontext/suedafrika-desinformation-100.html,Deep Fakes und fremdenfeindliche Narrative,Wahl in Südafrika,"Manipulierte Videos, russische Einflussnahme und fremdenfeindliche Rhetorik erschüttern Südafrikas politische Landschaft vor den heutigen Wahlen. Mehrere Faktoren machen die Bevölkerung besonders anfällig für Desinformation.",Desinformation in Wahlen,Wahlen & Wahlkampf
435,tagesschau-faktenfinder,https://www.tagesschau.de/faktenfinder/sommerinterview-chrupalla-afd-100.html,Das ARD-Sommerinterview mit Chrupalla im Faktencheck,AfD-Vorsitzender,Im ARD-Sommerinterview hat AfD-Chef Chrupalla zum Teil mit falschen Zahlen argumentiert. Zudem ließen sich einige Forderungen rechtlich gar nicht umsetzen. Die Aussagen im Faktencheck.,Migration,Migration & Asyl
445,tagesschau-faktenfinder,https://www.tagesschau.de/faktenfinder/michelle-obama-desinformation-fakes-100.html,Die Angst vor mächtigen Frauen,Trans- und Frauenfeindlichkeit,"Michelle Obama, Brigitte Macron oder auch Neuseelands Ex-Premierministerin Jacinda Ardern: Sie alle wurden Zielscheibe transfeindlicher Desinformation - weil sie mächtige Frauen sind.",Desinformation gegen Frauen,Desinformation & Falschmeldungen
444,tagesschau-faktenfinder,https://www.tagesschau.de/faktenfinder/wahlmanipulation-europawahl-100.html,Wenig Einsprüche gegen Europawahl,Angebliche Wahlmanipulation,In rechtsextremen und verschwörungsideologischen Kreisen wurden zur Europawahl zahlreiche Belege für angebliche Wahlmanipulation verbreitet. Die offizielle Zahl der Einsprüche ist jedoch sehr gering.,Europawahl,Wahlen & Wahlkampf
425,tagesschau-faktenfinder,https://www.tagesschau.de/faktenfinder/merz-syrien-afghanistan-100.html,Falsche Aussage von Merz über Geflüchtete,Syrien und Afghanistan,"Auf einer Pressekonferenz hat CDU-Chef Merz behauptet, dass Deutschland in Relation zur Größe weltweit die meisten Geflüchteten aus Syrien und Afghanistan aufgenommen hat. Das stimmt aber nicht.",Geflüchtete,Migration & Asyl
417,tagesschau-faktenfinder,https://www.tagesschau.de/faktenfinder/straftaten-sexuelle-selbstbestimmung-100.html,Warum die Zahl der Sexualstraftaten gestiegen ist,Irreführende Grafik,"Im Netz wird eine Grafik geteilt, die einen starken Anstieg der Sexualstraftaten in den vergangenen Jahren zeigt. Allerdings wurde das Strafrecht in der Zeit mehrmals geändert, weshalb ein Vergleich kaum möglich ist.",Sexualstraftaten,Politik & Regierung
416,tagesschau-faktenfinder,https://www.tagesschau.de/faktenfinder/ampelkoalition-116.html,Von der Ampel zum Great Reset,Gerüchte zum Koalitionsende,"Rund um den Bruch der Ampelkoalition werden in den sozialen Netzwerken Videos aus dem Zusammenhang gerissen, manipulierte Fotos geteilt und Gerüchte gestreut. Nicht alle sind harmlos.",Verschwörungstheorien,Verschwörungstheorien
334,tagesschau-faktenfinder,https://www.tagesschau.de/faktenfinder/kontext/zucker-weizen-alternativen-100.html,Zuckeralternativen sind nicht zwingend gesünder,Gesundheitsmythen,"Besonders in der Weihnachtszeit wird viel gebacken. Um vermeintlich gesünder zu essen, verzichten einige dabei auf raffinierten Zucker - und ersetzen ihn durch Alternativen wie Honig. Ein Trugschluss, sagen Experten.",Ernährung,Gesundheit & Wissenschaft
377,tagesschau-faktenfinder,https://www.tagesschau.de/faktenfinder/kontext/rechte-ki-influencer-100.html,"Rechts, weiblich, Fake",Künstliche Intelligenz im Wahlkampf,"Profile von vermeintlichen jungen Frauen mischen im Wahlkampf mit. Sie äußern sich politisch eher rechts und geben an, die AfD bei der Bundestagswahl zu wählen. Das Problem: Sie sind KI-generiert.",Künstliche Intelligenz,Künstliche Intelligenz
337,tagesschau-faktenfinder,https://www.tagesschau.de/faktenfinder/usa-trump-ukraine-106.html,Welche Behauptungen von Trump falsch sind,Krieg gegen die Ukraine,"Seit Wochen übt US-Präsident Trump Druck auf die Ukraine und ihren Präsidenten Selenskyj aus. Dabei stellt er zahlreiche Falschbehauptungen auf, um Selenskyj zu diskreditieren und die Rolle der USA zu überhöhen.",Ukraine-Krieg,Ukraine-Konflikt
350,tagesschau-faktenfinder,https://www.tagesschau.de/faktenfinder/prognos-umfragen-prgonosen-102.html,Wie man sich eine Wahl projiziert,Zweifelhafte Umfrageergebnisse,"Ein X-Account veröffentlicht ""Projektionen"" zu den voraussichtlich 2029 stattfindenden Bundestags- und Europawahlen. Obwohl er nicht zum ersten Mal mit zweifelhaftem Vorgehen auffällt, erzielt er damit Aufmerksamkeit.",Wahlumfragen,Wahlen & Wahlkampf
324,tagesschau-faktenfinder,https://www.tagesschau.de/faktenfinder/iran-israel-fakes-100.html,KI-generierte Fakes und alte Videos im Umlauf,Krieg in Nahost,"Die Eskalation zwischen Israel und dem Iran wird von vielen Falschbehauptungen im Netz begleitet. Vor allem KI-generierte Bilder und Videos befinden sich darunter, aber auch Material, das in anderem Zusammenhang entstanden ist.",Nahost-Konflikt,Krisengebiete & Geopolitik
338,tagesschau-faktenfinder,https://www.tagesschau.de/faktenfinder/kontext/religioese-fussball-influencer-100.html,Wie religiöse Organisationen Fußball-Profis für ihre Missionsarbeit nutzen,Social Media,"Einige Fußballprofis zeigen ihren Fans gerne, wie wichtig ihnen ihr Glaube ist. Die Wirkung dieser Stars auf junge Zielgruppen nutzen einige Organisationen auch für die Missionierung auf Social Media oder in Schulen. Zwei dieser Organisationen haben Verbindungen zu evangelikalen Kirchen mit teils fragwürdigen Ansichten.",Evangelikale Missionierung,Extremismus & Sicherheit
629,tagesschau-faktenfinder,https://www.tagesschau.de/faktenfinder/todesgeruechte-trump-100.html,,,"""Wie haben Sie herausgefunden, dass Sie tot sind?"", fragt ein Journalist kürzlich bei einer Pressekonferenz den US-amerikanischen Präsidenten. ""Haben Sie das mitbekommen?"" Trump verneint erst, sagt dann jedoch, dass er davon gehört habe und es ""verrückt"" sei.",Gesundheit von Politikern,Gesundheit & Wissenschaft
622,tagesschau-faktenfinder,https://www.tagesschau.de/faktenfinder/fakes-selenskyj-100.html,,,"""Der Warlord lebt auf großem Fuss!"" - schreibt ein reichweitenstarker Nutzer auf der Plattform X. Dazu postet er ein Bild des ukrainischen Präsidenten Wolodymyr Selenskyj neben dem Präsidenten des Europäischen Rates, António Costa. Der Fokus des Bildes liegt auf den Schuhen des ukrainischen Präsidenten, die extra in einem Bildausschnitt hervorgehoben werden. Zu sehen sind sehr hohe Absätze, mit denen sich Selenskyj offenbar größer machen möchte, so der Tenor. Doch das Bild ist ein Fake.",Desinformation Ukraine-Krieg,Ukraine-Konflikt
241,br-faktenfuchs,"https://www.br.de/nachrichten/deutschland-welt/wie-rede-ich-mit-freunden-und-familie-ueber-falschmeldungen,S2dGv0s",Wie rede ich mit Freunden und Familie über Falschmeldungen?,,Über Whatsapp oder auf der Straße – wohl die meisten von uns haben in der Corona-Krise schon zweifelhafte Informationen oder Verschwörungsmythen von Freunden oder Verwandten geschickt bekommen. Wie kann man damit umgehen? Ein #Faktenfuchs,Desinformation und Kommunikation,Desinformation & Falschmeldungen
315,br-faktenfuchs,"https://www.br.de/nachrichten/deutschland-welt/ukraine-krieg-fehlinformationenauch-ueber-den-konflikt-hinaus,Sz7E4JR",Ukraine-Krieg: Fehlinformationen auch über den Konflikt hinaus,,"Neben den Bildern und Informationen aus der Ukraine, die häufig nicht verifiziert sind, verbreiten sich auch andere Fehlinformationen rund um den Krieg im Netz. Der #Faktenfuchs schaut auf drei Beispiele und erklärt häufige Phänomene.",Ukraine-Krieg,Ukraine-Konflikt
300,br-faktenfuchs,"https://www.br.de/nachrichten/wissen/faktenfuchs-sterben-voegel-durch-windraeder,TAntN2S",Sterben Vögel durch Windräder?,,"Vögel sterben durch Windräder - das behaupten Windkraft-Gegner. Doch selbst Vogelschützer warnen, Klima- und Artenschutz gegeneinander auszuspielen. Wie gefährlich Windräder für Vögel sind, klärt der dritte Teil der #Faktenfuchs-Serie zur Windkraft.",Windkraft,Klima & Umwelt
309,br-faktenfuchs,"https://www.br.de/nachrichten/deutschland-welt/volle-flixbusse-kein-beleg-fuer-sozialbetrug-von-ukrainern-faktenfuchs,THrjfYm",Keine Belege für Sozialbetrug von Ukrainern,,"Im Netz verbreitet sich die Falschbehauptung, viele Ukrainer kämen nur nach Deutschland, um das Sozialsystem auszunutzen. Auch CDU-Chef Merz behauptete dies kürzlich. Dafür gibt es aber keine Belege, wie dieser #Faktenfuchs zeigt.",Sozialbetrug,Migration & Asyl
284,br-faktenfuchs,"https://www.br.de/nachrichten/netzwelt/wie-einige-finanz-youtuber-verschwoerungstheorien-bedienen,TYgEitl",Wie einige Finanz-Youtuber Verschwörungstheorien bedienen,,"Great Reset und Geldanlage: Mehrere Youtuber, die sich vordergründig mit Finanzthemen befassen, knüpfen auf ihren Kanälen an Verschwörungstheorien an und schüren Ängste. Dahinter steckt laut Experten ein Geschäftsmodell. Eine #Faktenfuchs-Recherche.",Verschwörungstheorien,Verschwörungstheorien
280,br-faktenfuchs,"https://www.br.de/nachrichten/deutschland-welt/faktenfuchs-warum-sich-manche-erd-regionen-schneller-aufwaermen,TcdEfeO",Warum sich manche Erdregionen schneller aufwärmen,,"Immer wieder berichten Medien über einzelne Gegenden, die sich im Zuge des Klimawandels deutlich schneller erwärmen als ""der Rest der Welt"". Auf Social Media halten User das für Fake News. Kann die Aussage für so viele Regionen gleichzeitig stimmen?",Klimawandel,Klima & Umwelt
264,br-faktenfuchs,"https://www.br.de/nachrichten/wissen/faktenfuchs-messergewalt-und-migration-was-statistik-und-forschung-aussagen,Tpva7EK",Messergewalt und Migration: Was Statistik und Forschung aussagen,,Messerangriffe werden oft mit Migranten in Verbindung gebracht. Doch weder Kriminalstatistiken der Polizei noch Studien können dies aktuell untermauern. Auch sind die Daten nur bedingt aussagekräftig. Ein #Faktenfuchs.,Messerkriminalität,Extremismus & Sicherheit
262,br-faktenfuchs,"https://www.br.de/nachrichten/deutschland-welt/falsche-news-videos-machen-stimmung-gegen-ukrainer-faktenfuchs,Tx1AxVh",Falsche News-Videos machen Stimmung gegen Ukrainer,,"In sozialen Netzwerken kursieren mehrere gefälschte Videos im Stil seriöser Medien, darunter eines, das vorgibt, von BR24 zu sein. In den Fake-Videos werden gezielt ukrainische Geflüchtete diskreditiert. Wie man Fälschungen erkennt: ein #Faktenfuchs.",Desinformation,Desinformation & Falschmeldungen
231,br-faktenfuchs,"https://www.br.de/nachrichten/bayern/es-werden-keine-hyperschall-raketen-in-grafenwoehr-stationiert-ein-faktenfuchs,U2phRZi",Es werden keine Hyperschallraketen in Grafenwöhr stationiert,,"Ein ehemaliger Linken-Abgeordneter behauptet, die USA wollten auf dem Nato-Truppenübungsplatz in der Oberpfalz Waffen stationieren, die Moskau in zehn Minuten erreichen könnten. Das ist falsch. Ein #Faktenfuchs",Waffenstationierung,Politik & Regierung
205,br-faktenfuchs,"https://www.br.de/nachrichten/wissen/klimawandel-corona-wie-entstehen-belastbare-fakten-faktenfuchs,UCk18F7",Klimawandel und Corona: Wie entstehen belastbare Fakten?,,"Hitzig und oft ohne kleinsten gemeinsamen Nenner: In vielen Streits etwa über den Klimawandel oder Corona finden Menschen nicht mehr zusammen. Fakten werden verwechselt mit Meinung. Dieser #Faktenfuchs erklärt, wie Sie sich selbst orientieren können.",Wissenschaftskommunikation,Gesundheit & Wissenschaft
252,br-faktenfuchs,"https://www.br.de/nachrichten/deutschland-welt/ukraine-china-georgien-faktenchecker-unter-druck,UHeEL4f","Ukraine, China, Georgien: Faktenchecker unter Druck",,"In vielen Ländern arbeiten Journalisten unter widrigen Bedingungen. Krieg, Unterdrückung und mangelnde Pressefreiheit betreffen auch viele Faktenchecker, als ""erste Verteidigungslinie"" gegen Lügen. Dem BR erzählen drei von ihnen ihre Geschichte.",Pressefreiheit,Politik & Regierung
191,br-faktenfuchs,"https://www.br.de/nachrichten/deutschland-welt/hurricane-fakes-fluten-tiktok-so-kann-man-sie-erkennen-faktenfuchs,UQnqMkd",Hurrikan-Fakes fluten TikTok - so kann man sie erkennen,,"Hurrikan oder Hollywood? Auf TikTok grassieren angebliche Clips des Hurrikan ""Milton"", die das wahre Ausmaß der Katastrophe verzerren. Hierbei kommt auch KI zum Einsatz. Der #Faktenfuchs erklärt, wie Sie solche Fakes erkennen.",Desinformation,Desinformation & Falschmeldungen
187,br-faktenfuchs,"https://www.br.de/nachrichten/deutschland-welt/faktenfuchs-neuwahl-termin-hat-keine-auswirkung-auf-ruhegehalt,UTuZQsx",Neuwahl-Termin hat keine Auswirkung auf Ruhegehalt,,"Ob Februar oder März: Wann der Bundestag neu gewählt wird, macht für die meisten Bundesminister keinen Unterschied für ihre Altersversorgung – anders als behauptet wird. Viele bekommen sie sowieso, die entlassenen FDP-Minister haben keinen Anspruch.",Ministergehälter,Politik & Regierung
177,br-faktenfuchs,"https://www.br.de/nachrichten/deutschland-welt/faktenfuchs-nein-faktenchecker-zensieren-nicht,UZIwsmj","Nein, Faktenchecker zensieren nicht",,"Der Internetkonzern Meta hat entschieden, in den USA nicht mehr mit Faktencheckern zusammenzuarbeiten. Die Begründung: Mehr Meinungsfreiheit, weniger Zensur. Belege dafür gibt es keine, Faktenchecker widersprechen diesen Anschuldigungen.",Social Media,Online-Sicherheit & Betrug
165,br-faktenfuchs,"https://www.br.de/nachrichten/netzwelt/faktenfuchs-was-steckt-hinter-dem-ki-wahlkampfvideo-der-afd,Uc7jZKZ",Was steckt hinter dem KI-Wahlkampfvideo der AfD?,,Ein KI-generiertes Video der AfD Brandenburg sorgt für Aufsehen. Experten warnen vor langfristigen Folgen solcher Videos für die Gesellschaft. Was steckt hinter der Strategie – und wo liegen die rechtlichen Grenzen?,KI im Wahlkampf,Wahlen & Wahlkampf
154,br-faktenfuchs,"https://www.br.de/nachrichten/netzwelt/faktenfuchs-trump-video-ueber-selenskyjs-kleiderwahl-ist-fake,UeOl6sN",Trump-Video über Selenskyjs Kleiderwahl ist Fake,,"Beim Eklat-Treffen in Washington war auch Selenskyjs Kleidung Thema. Im Nachhinein kursierte ein Video, in dem Trump über Selenskyjs fehlenden Anzug herzieht. Doch das Video ist KI-generiert und stammt von einem Satire-Account.",Desinformation,Desinformation & Falschmeldungen
143,br-faktenfuchs,"https://www.br.de/nachrichten/deutschland-welt/faktenfuchs-falschbehauptungen-schueren-sorgen-um-das-sparkonto,UhxSEjh",Falschbehauptungen schüren Sorgen um das Sparkonto,,"Im Netz verbreiten sich Falschbehauptungen, dass staatliche Akteure angeblich Geld von privaten Sparkonten einziehen könnten. Im Fokus: Die Europäische Union und Friedrich Merz. Ein #Faktenfuchs.",Sparvermögen,Politik & Regierung
133,br-faktenfuchs,"https://www.br.de/nachrichten/wissen/faktenfuchs-bislang-keine-belege-fuer-post-vac-syndrom,UnFGvso","Bislang keine Belege für ""Post-Vac-Syndrom""",,"Kann die Covid-Impfung anhaltend krank machen? Diese Behauptung kursiert im Internet, wissenschaftlich belegt ist das sogenannte ""Post-Vac-Syndrom"" aber bislang nicht. Experten halten es für möglich, Verdachtsfälle sind aber sehr selten.",COVID-19-Impfung,Gesundheit & Wissenschaft
131,br-faktenfuchs,"https://www.br.de/nachrichten/netzwelt/faktenfuchs-diese-5-fakes-zeigen-wie-mit-ki-manipuliert-wird,Ut6gf9H","Diese 5 Fakes zeigen, wie mit KI manipuliert wird",,"Trump und Epstein, eine angebliche Obama-Verhaftung oder der Air India-Absturz – realistisch wirkende KI-Fakes kursieren zu allen möglichen Themen. Dabei geht es nicht immer um Täuschung. Der #Faktenfuchs gibt einen Überblick.",Künstliche Intelligenz,Künstliche Intelligenz
576,br-faktenfuchs,"https://www.br.de/nachrichten/bayern/wie-tiktok-videos-kriegsangst-in-bayern-schueren-faktenfuchs,UyvX1b9",Wie Tiktok-Videos Kriegsangst in Bayern schüren,,"Angebliche Angriffspläne auf das Taurus-Werk in Schrobenhausen oder die mutmaßlichen Auswirkungen einer russischen Invasion – mit solchen Behauptungen schüren TikTok-Accounts Ängste. Welche Strategien dahinterstecken, zeigt dieser #Faktenfuchs.",Desinformation,Desinformation & Falschmeldungen
101,correctiv,https://correctiv.org/faktencheck/2025/02/28/prognose-hochrechnung-ergebnis-immer-wieder-verwirrung-um-18-uhr-am-wahlabend/,"Prognose, Hochrechnung, Ergebnis: Immer wieder Verwirrung um 18 Uhr am Wahlabend",BUNDESTAGSWAHL 2025,"Wie schon bei vergangenen Wahlen wunderten sich Nutzerinnen und Nutzer über die Berichterstattung am Abend der Bundestagswahl: Wie kann um 18 Uhr das „Wahlergebnis“ feststehen, wenn die Stimmen noch nicht ausgezählt sind? Doch hier werden Prognosen und Ergebnisse durcheinandergeworfen.",Wahlberichterstattung,Wahlen & Wahlkampf
93,correctiv,https://correctiv.org/faktencheck/2025/03/07/us-hilfsgelder-aussage-von-selenskyj-belegt-keinen-skandal-um-200-milliarden-euro/,US-Hilfsgelder: Aussage von Selenskyj belegt keinen Skandal um 200 Milliarden Euro,FAKTENCHECK,"Ein Zitat des ukrainischen Präsidenten Wolodymyr Selenskyj wird im Netz irreführend wiedergegeben: Er sagte nicht, dass 200 Milliarden Euro an US-Hilfsgeldern „verschwunden“ seien. Er sagte, dass die Ukraine keine Militärhilfen in dieser Höhe von den USA erhalten habe.",Ukraine-Krieg,Ukraine-Konflikt
84,correctiv,https://correctiv.org/faktencheck/2025/03/21/katzen-gewinnspiel-von-action-statt-sonderpreisen-droht-datenklau/,Katzen-Gewinnspiel von Action: Statt Sonderpreisen droht Datenklau,FAKTENCHECK,"Der niederländische Discounter Action soll angeblich Sonderpreise wie Gutscheine und iPhones an Menschen verlosen, die die Anzahl der Katzen auf einem Bild richtig erraten. Es gibt nichts zu gewinnen, aber preisgeben muss man viel – die eigenen Daten.",Datendiebstahl,Online-Sicherheit & Betrug
75,correctiv,https://correctiv.org/faktencheck/2025/03/28/nein-der-tag-der-deutschen-einheit-soll-nicht-abgeschafft-werden/,"Nein, der Tag der Deutschen Einheit soll nicht abgeschafft werden",FAKTENCHECK,"Plant die Bundesregierung, den Tag der Deutschen Einheit abzuschaffen, um die Wirtschaftskraft anzukurbeln? Das wird aktuell auf Tiktok behauptet. Wir haben bei allen Parteien nachgefragt, ob es wirklich solche Pläne gibt.",Tag der Deutschen Einheit,Politik & Regierung
67,correctiv,https://correctiv.org/faktencheck/2025/04/04/satire-ernst-genommen-tiktok-verbietet-nicht-das-blaue-herz-emoji/,Satire ernst genommen: Tiktok verbietet nicht das blaue Herz-Emoji,FAKTENCHECK,"Auf Tiktok herrscht Empörung darüber, dass die Plattform angeblich das unter AfD-Unterstützern beliebte blaue Herz-Emoji verbieten will. Doch die Meldung stimmt nicht.",Satire,Online-Sicherheit & Betrug
58,correctiv,https://correctiv.org/faktencheck/2025/04/23/nach-tod-von-papst-franziskus-fake-video-mit-donald-trump-kursiert-erneut-auf-tiktok/,Nach Tod von Papst Franziskus: Fake-Video mit Donald Trump kursiert erneut auf Tiktok,FAKTENCHECK,"Kaum verbreitet sich die Nachricht, dass Papst Franziskus gestorben ist, kursiert eine alte Falschbehauptung in Sozialen Netzwerken. Ein manipuliertes Comedy-Video soll zeigen, wie der Papst die Hand von Donald Trump ausgeschlagen habe.",Manipulierte Videos,Desinformation & Falschmeldungen
49,correctiv,https://correctiv.org/faktencheck/2025/05/06/versprochene-hilfe-fuers-ahrtal-sharepic-verwendet-alte-zahlen/,Versprochene Hilfe fürs Ahrtal: Sharepic verwendet alte Zahlen,FAKTENCHECK,"Online verbreiten sich angebliche Zahlen zu Hilfsgeldern aus dem Aufbaufonds für das Ahrtal. Demnach sollen nur 0,8 der 15 Milliarden Euro versprochener Hilfsgelder ausgezahlt worden sein. Doch die Zahlen sind veraltet.",Hochwasser,Klima & Umwelt
41,correctiv,https://correctiv.org/faktencheck/2025/05/15/russische-spione-mit-pentagon-kontakt-im-handy-keine-belege-fuer-angebliche-verhaftung/,Russische Spione mit Pentagon-Kontakt im Handy? Keine Belege für angebliche Verhaftung,FAKTENCHECK,"US-Verteidigungsminister Pete Hegseth teilte Informationen zu Militärschlägen in einem Gruppenchat und sorgte so für einen Skandal. Wochen später heißt es auf X, zwei russische Spione mit Hegseths Nummer auf ihren Telefonen seien Ende April vom deutschen Geheimdienst festgenommen worden. Doch laut den zuständigen Behörden gibt es den Fall nicht.",Spionage,Online-Sicherheit & Betrug
32,correctiv,https://correctiv.org/faktencheck/polizei/2025/06/10/mutmasslicher-amoklauf-an-schule-video-mit-allahu-akbar-rufen-zeigt-nicht-angriff-in-graz/,Amoklauf an Schule: Video mit „Allahu Akbar“-Rufen zeigt nicht Angriff in Graz,FAKTENCHECK,"Nach einem Amoklauf an einer österreichischen Schule kursieren online auch Videos im falschen Kontext. Worauf in Krisensituationen zu achten ist, wenn man Inhalte teilt.",Amoklauf,Online-Sicherheit & Betrug
23,correctiv,https://correctiv.org/faktencheck/2025/06/19/ukraine-russland-angriff-flugzeuge-in-ki-video-haben-nichts-mit-operation-spiderweb-zu-tun/,Angriff der Ukraine auf russische Flugzeuge: KI-Video hat nichts mit „Operation Spiderweb“ zu tun,FAKTENCHECK,"Anfang Juni griff die Ukraine mit Drohnen Militär-Flugplätze in Russland an. Neben authentischen Aufnahmen kursiert in Sozialen Netzwerken auch eine Aufnahme, die künstlich erstellt wurde. Einige erkannten das nicht.",Ukraine-Krieg,Ukraine-Konflikt
14,correctiv,https://correctiv.org/faktencheck/2025/07/09/tiktok-video-zeigt-keinen-aktuellen-tornado-in-deutschland/,Tiktok-Video zeigt keinen aktuellen Tornado in Deutschland,FAKTENCHECK,"Ein Tiktok-Video vom 2. Juli soll einen Tornado zeigen, der über Deutschland hinwegfegt. Unser Faktencheck zeigt: Das Videomaterial ist mindestens zwei Jahre alt.",Unwetter,Klima & Umwelt
6,correctiv,https://correctiv.org/faktencheck/2025/07/24/essen-angebot-zu-angeblichem-vrr-jubilaeum-ist-gefaelscht/,"ÖPNV in Essen: Diese Betrugsmasche steckt hinter dem Sechs-Monats-Ticket für 2,35 Euro",FAKTENCHECK,"Eine Fahrkarte für sechs Monate, die nur 2,35 Euro kosten soll: Dafür wirbt ein Facebook-Beitrag der Seite „ÖPNV Essen“. Hinter dem angeblichen Angebot steckt eine internationale Betrugsmasche, bei der es um Datendiebstahl geht.",Phishing,Online-Sicherheit & Betrug
567,correctiv,https://correctiv.org/faktencheck/2025/08/12/bekannter-telegram-account-unn-verbreitet-erfundenes-zitat-von-lars-klingbeil-ueber-deutsche-rentner/,Bekannter Telegram-Account verbreitet erfundenes Zitat von Lars Klingbeil über deutsche Rentner,POLITIK,"Ein bekannter Verbreiter von Fake-Zitaten behauptet, Lars Klingbeil habe gesagt, er würde sich für die deutschen Rentner schämen, weil sie so faul seien. Das Zitat ist frei erfunden und der Kanal hat Verbindungen zur russischen Propaganda.",Rentenpolitik,Politik & Regierung
558,correctiv,https://correctiv.org/faktencheck/2025/09/10/irrefuehrender-kettenbrief-was-die-ki-auf-whatsapp-darf-und-was-nicht/,Irreführender Kettenbrief: Was die KI auf Whatsapp darf – und was nicht,GESELLSCHAFT,"Ein Kettenbrief warnt in Sozialen Netzwerken vor der Meta KI auf Whatsapp. Die habe angeblich Zugriff auf alle Chats, doch das stimmt nicht. Fachleute kritisieren die Meta-KI zwar für Datenschutzrisiken und die Speicherung vieler Daten, aber Nutzerinnen und Nutzer können sich davor schützen.",Datenschutz,Online-Sicherheit & Betrug
550,correctiv,https://correctiv.org/faktencheck/2025/09/30/nein-die-simpsons-haben-charlie-kirks-tod-nicht-vorhergesagt/,"Nein, die „Simpsons“ haben Charlie Kirks Tod nicht vorhergesagt",GESELLSCHAFT,"Immer wieder wird behauptet, die Cartoon-Serie „Simpsons“ würde wichtige Weltereignisse vorwegnehmen. In einer aktuellen Version der Erzählung soll es Folgen geben, die das Attentat auf Charlie Kirk zeigen. Das ist falsch.",Charlie Kirk,Online-Sicherheit & Betrug
541,correctiv,https://correctiv.org/faktencheck/2025/10/16/extra-feiertage-fuer-muslime-in-schleswig-holstein-behauptung-fehlt-kontext/,Extra Feiertage für Muslime in Schleswig-Holstein? Behauptung fehlt Kontext,GESELLSCHAFT,"Online empören sich manche über eine angebliche „Islamisierung“, weil Musliminnen und Muslime in Schleswig-Holstein zwei neue Feiertage erhalten würden. Den Beiträgen fehlt wichtiger Kontext: Es handelt sich nicht um gesetzliche Feiertage.",Religiöse Feiertage,Politik & Regierung
532,correctiv,https://correctiv.org/faktencheck/2025/10/30/kettenbrief-macht-falsche-angaben-zu-kontosperrungen-auf-snapchat/,Kettenbrief macht falsche Angaben zu Kontosperrungen auf Snapchat,WIRTSCHAFT UND UMWELT,"Ein Kettenbrief auf Whatsapp will Nutzende von Snapchat ängstigen. Denen drohe die Sperrung ihrer Konten, wenn sie eine Nachricht nicht an 20 Kontakte weiterleiten, heißt es. Das ist frei erfunden.",Kettenbriefe,Online-Sicherheit & Betrug
524,correctiv,https://correctiv.org/faktencheck/2025/11/13/iran-hijab-pflicht-wurde-nicht-aufgehoben/,Iran: Hijab-Pflicht wurde nicht aufgehoben,NAHER OSTEN,"Auf X heißt es, im Iran sei das Tragen des Kopftuches für Frauen jetzt freiwillig. Das stimmt nicht – ein Video, das dieses Gerücht belegen soll, ist drei Jahre alt.",Hijab-Pflicht Iran,
605,correctiv,https://correctiv.org/faktencheck/2025/12/04/wie-mit-ki-bildern-von-einem-weihnachtsmarkt-unsicherheit-erzeugt-wird/,Wie mit KI-Bildern von einem Weihnachtsmarkt Unsicherheit erzeugt wird,GESELLSCHAFT,"Ein Bildvergleich soll zeigen, wie hoch die Sicherheitsvorkehrungen auf einem Weihnachtsmarkt mittlerweile sind. Doch die Bilder sind KI-generiert, den Ort gibt es wohl nicht.",KI-Desinformation,
596,correctiv,https://correctiv.org/faktencheck/2025/12/16/doch-auslaenderinnen-und-auslaender-in-deutschland-haben-ein-versammlungsrecht/,"Doch, Ausländerinnen und Ausländer in Deutschland haben ein Versammlungsrecht",JUSTIZ,"Tausende feierten in mehreren deutschen Städten den Jahrestag des Sturzes des Assad-Regimes in Syrien. Eine neurechte Influencerin behauptet, Menschen aus dem Ausland hätten hierzulande kein Versammlungsrecht. Warum das nicht stimmt.",Versammlungsrecht,Politik & Regierung
396,tagesschau-faktenfinder,https://www.tagesschau.de/faktenfinder/giftgas-syrien-desinformation-101.html,"Abstreiten, behindern, verwirren",Desinformation zu Giftgas in Syrien,Syrien und Russland weisen immer wieder Vorwürfe zum Einsatz von Giftgas durch das syrische Militär zurück und behindern Untersuchungen. Doch die Hinweise und Belege für solche Attacken sind vielfältig.,Syrien-Konflikt,Krisengebiete & Geopolitik
397,tagesschau-faktenfinder,https://www.tagesschau.de/faktenfinder/tuerkei-erdbeben-desinfomation-101.html,Verschwörungsmythen und falsche Videos,Desinformation zu Erdbeben,Nach dem Erdbeben kursieren in den Sozialen Netzwerken einige Falschmeldungen. So stammt das Video einer angeblichen Explosion eines türkischen Kernkraftwerks in Wahrheit aus dem Libanon. Auch andere Mythen sind im Umlauf.,Erdbeben,Krisengebiete & Geopolitik
457,tagesschau-faktenfinder,https://www.tagesschau.de/faktenfinder/kontext/politik-wahlen-ki-100.html,Welchen Einfluss hat KI auf das Superwahljahr?,Mehr als 70 Wahlen im Jahr 2024,Im kommenden Jahr finden weltweit mehr als 70 Wahlen statt - unter anderem die US-Präsidentenwahl und die Europawahl. Eine große Sorge dabei ist der Einsatz von KI zur Desinformation und Wählerbeeinflussung.,Künstliche Intelligenz,Künstliche Intelligenz
508,tagesschau-faktenfinder,https://www.tagesschau.de/faktenfinder/insekten-nahrung-desinformation-100.html,Futter für die Verschwörungsszene,Insekten als Nahrungsmittel,"Vier Insektenarten sind derzeit als Lebensmittel in der EU zugelassen. Verschwörungskreise sehen darin eine versuchte Umerziehung der Bürger durch die ""Eliten"" - und verbreiten allerlei Desinformation.",Insekten als Nahrungsmittel,Klima & Umwelt
491,tagesschau-faktenfinder,https://www.tagesschau.de/faktenfinder/kontext/bezahlkarte-asylbewerber-108.html,Schwierige Abwägung zwischen Kosten und Nutzen,Bezahlkarte für Asylbewerber,"Mehrere Landkreise vermelden, dass die Einführung der Bezahlkarte bereits Asylbewerber dazu bewogen habe, auszureisen oder eine Arbeit anzunehmen. Welche Auswirkungen das Modell tatsächlich hat, ist jedoch umstritten.",Asylpolitik,Migration & Asyl
474,tagesschau-faktenfinder,https://www.tagesschau.de/faktenfinder/thueringen-ungueltige-stimmen-100.html,Kein Wahlbetrug mit ungültigen Stimmen,Thüringen,"Wurden bei der Kommunalwahl in Thüringen Tausende Stimmzettel ungültig gemacht, um das Ergebnis zu fälschen? Dazu gibt es eine Debatte im Netz - befeuert auch von der WerteUnion. Doch die Vorwürfe sind haltlos.",Wahlbetrug,Wahlen & Wahlkampf
446,tagesschau-faktenfinder,https://www.tagesschau.de/faktenfinder/kallas-eu-100.html,Desinformation über Kallas und ihre Familie,Designierte EU-Außenbeauftragte,Wegen ihrer klaren Haltung gegenüber Russland ist die estnische Ministerpräsidentin Kallas im Fokus russischer Desinformation - als designierte EU-Außenbeauftragte umso mehr. Vor allem ihre Familiengeschichte wird thematisiert.,Desinformation,Desinformation & Falschmeldungen
433,tagesschau-faktenfinder,https://www.tagesschau.de/faktenfinder/sommerinterview-lindner-faktencheck-100.html,Das ARD-Sommerinterview mit Lindner im Faktencheck,FDP-Chef und Finanzminister,"Im ARD-Sommerinterview ist FDP-Chef Lindner vielen konkreten Fragen eher ausgewichen. Zu Verteidigungsausgaben, Klimageld und Missbrauch sozialer Leistungen äußerte er sich jedoch zumindest ungenau oder selektiv.",Politikeraussagen,Politik & Regierung
441,tagesschau-faktenfinder,https://www.tagesschau.de/faktenfinder/hitze-gesundheit-102.html,"""Häufigkeit hat ganz klar zugenommen""",Hitze und Klimawandel,"Weil die Sterblichkeit im Winter höher als im Sommer ist, wird im Netz behauptet, dass Warnungen vor Hitze Panikmache seien. Zudem sei der Klimawandel nicht die Ursache für Hitzewellen. Doch das greift zu kurz.",Klimawandel,Klima & Umwelt
424,tagesschau-faktenfinder,https://www.tagesschau.de/faktenfinder/kontext/abschiebungen-handgeld-100.html,"Warum die Straftäter ""Handgeld"" bekommen",Abschiebung nach Afghanistan,"Die nach Afghanistan abgeschobenen Männer haben jeweils 1.000 Euro ""Handgeld"" erhalten. Das hat das niedersächsische Innenministerium bestätigt. Warum die Straftäter das Geld bekommen.",Abschiebung,Migration & Asyl
420,tagesschau-faktenfinder,https://www.tagesschau.de/faktenfinder/israel-iran-fakes-100.html,Alte Bilder und Falschbehauptungen,Iranischer Angriff auf Israel,"Im Zusammenhang mit dem iranischen Angriff auf Israel werden im Netz alte Videos verbreitet, die in Moskau und China aufgenommen wurden. Auch über den israelischen Premier Netanyahu kursieren Falschbehauptungen.",Nahostkonflikt,Krisengebiete & Geopolitik
401,tagesschau-faktenfinder,https://www.tagesschau.de/faktenfinder/trump-musk-wahl-100.html,Keine Hilfe für Trump aus dem All,Angebliche Wahlmanipulation,"Seit der Abwahl Trumps im Jahr 2020 streuen er und seine Anhänger das Gerücht, die Wahl sei manipuliert worden. Technische Manipulationen seines Anhängers Musk soll nun seine Wiederwahl ermöglicht haben. Beweise gibt es nicht.",Wahlmanipulation,Wahlen & Wahlkampf
391,tagesschau-faktenfinder,https://www.tagesschau.de/faktenfinder/magdeburg-attentat-104.html,Wie Sätze des Täters aus dem Kontext gerissen werden,Anschlag in Magdeburg,Der Täter von Magdeburg war im Netz sehr aktiv. Nach dem Anschlag wurden vor allem in rechtsextremen Kreisen einige seiner Beiträge mit Blick auf sein mögliches Motiv verbreitet. Doch mehrere davon sind irreführend.,Anschlag Magdeburg,Extremismus & Sicherheit
362,tagesschau-faktenfinder,https://www.tagesschau.de/faktenfinder/usa-usaid-fakes-100.html,Welche Falschbehauptungen über USAID kursieren,Kürzung der Entwicklungshilfe,"US-Präsident Trump hat angekündigt, bei der US-Entwicklungsbehörde USAID massiv einzusparen. Um den Schritt zu begründen, teilten Trump und Musk jedoch auch Falschbehauptungen über die Behörde.",Entwicklungshilfe,Verschwörungstheorien
348,tagesschau-faktenfinder,https://www.tagesschau.de/faktenfinder/syrien-falsche-bilder-100.html,Zahlreiche falsche Bilder und Videos,Massaker in Syrien,"In den sozialen Netzwerken kursieren viele Bilder und Videos, die das in Syrien verübte Massaker an nahezu Tausend Zivilisten zeigen sollen. Doch neben authentischen Inhalten verbreiten sich auch viele Fakes.",Syrien,Krisengebiete & Geopolitik
349,tagesschau-faktenfinder,https://www.tagesschau.de/faktenfinder/kontext/afd-strategie-gutachten-100.html,Wie die AfD den Verfassungsschutz diskreditiert,Nach Hochstufung,"Nach der Einstufung der AfD als ""gesichert rechtsextremistisch"" durch den Verfassungsschutz greift die Partei die Behörde scharf an. Experten erklären, warum ihre Argumente nicht greifen.",Verfassungsschutz,Extremismus & Sicherheit
323,tagesschau-faktenfinder,https://www.tagesschau.de/faktenfinder/fakes-iran-usa-israel-100.html,Verfälschte Aufnahmen und irreführende Inhalte,Nach US-Angriff auf Iran,"Nach dem US-Angriff auf iranische Atomanlagen am Sonntag kursieren zahlreiche Informationen, Bilder und Videos in sozialen Netzwerken - viele davon sind manipuliert oder aus dem Kontext gerissen.",Iran-USA-Konflikt,Krisengebiete & Geopolitik
128,tagesschau-faktenfinder,https://www.tagesschau.de/faktenfinder/schwimmbaeder-straftaten-100.html,Stimmungsmache mit der Angst,Kriminalität in Bädern konstant,Im Netz werden Schwimmbäder als gefährlicher Ort dargestellt - vor allem in rechtspopulistischen Kreisen. Doch die Zahlen geben das nicht her: In vielen Bundesländern ist kein Anstieg der Straftaten zu verzeichnen.,Kriminalität in Schwimmbädern,Extremismus & Sicherheit
631,tagesschau-faktenfinder,https://www.tagesschau.de/faktenfinder/israel-falschmeldungen-hungersnot-100.html,,,"Am 22. August 2025 wurde für einen Teil des Gazastreifens die höchste IPC-Warnstufe ""Hungersnot"" erklärt. Die IPC-Standards sind ein System, um Ernährungskrisen weltweit einzustufen. Israel reagierte schnell: Noch am selben Tag behauptete das israelische Außenministerium: Die Kriterien seien nur für Gaza gesenkt worden und die Verantwortlichen dahinter hätten ihre eigenen Standards manipuliert, um eine Hungersnot zu ""fingieren"".",Gazastreifen,Krisengebiete & Geopolitik
623,tagesschau-faktenfinder,https://www.tagesschau.de/faktenfinder/fluechtlingsunterkunft-grossbritannien-100.html,,,"In den sozialen Medien geht das Video eines Mannes viral, der sich als ehemaliger Mitarbeiter eines Hotels in der Grafschaft Norfolk im Osten Englands vorstellt, in dem Geflüchtete untergebracht wurden. Er behauptet, die Menschen bekämen kostenlos teure Smartphones auf Kosten der Steuerzahler zur Verfügung gestellt. Außerdem erhielten die dort untergebrachten Menschen 70 Pfund (umgerechnet ca. 80 Euro) pro Woche.",Asyl und Geflüchtete,Migration & Asyl
108,br-faktenfuchs,"https://www.br.de/nachrichten/netzwelt/social-listening-die-power-des-aufmerksamen-zuhoerens,SQOJtEC",Social Listening: Die Power des aufmerksamen Zuhörens,,"Ob ein Eulen-Schwarm auf einem Straßenbaum im Lockdown oder Klarsicht-Masken, die nicht nur Stoffmasken-Träger beunruhigen: Themen, die in Bayern große Diskussionen auslösen, fallen zuerst im ""Social-Listening"" bei BR24 auf. So funktioniert es.",Social Media Monitoring,Online-Sicherheit & Betrug
314,br-faktenfuchs,"https://www.br.de/nachrichten/deutschland-welt/faktenfuchs-werden-spenden-fuer-die-ukraine-weggeworfen,T0ModPv",#Faktenfuchs – Werden Spenden für die Ukraine weggeworfen?,,"In den sozialen Netzwerken kursiert ein Bild, das angeblich in der Oberpfalz weggeworfene Spenden an die Ukraine zeigt. Der #Faktenfuchs klärt, wie es zu diesem Bild kam und was es mit der Behauptung auf sich hat.",Ukraine-Hilfe,Ukraine-Konflikt
281,br-faktenfuchs,"https://www.br.de/nachrichten/wissen/faktenfuchs-so-werden-hitzeperioden-verharmlost,TBXzf5O",So werden Hitzeperioden verharmlost,,"Wenn Meteorologen Hitzewellen ankündigen, behaupten manche: einfach nur Sommer. Der #Faktenfuchs erklärt, mit welchen Strategien die Gefahren von gehäuftem Extremwetter und die Klimakrise kleingeredet werden.",Klimawandel,Klima & Umwelt
260,br-faktenfuchs,"https://www.br.de/nachrichten/bayern/faktenfuchs-keine-beschlagnahme-von-immobilien-fuer-gefluechtete,TMmXqoo",Keine Beschlagnahme von Immobilien für Geflüchtete,,"Im Netz verbreitet sich die Falschbehauptung, Immobilien würden in Bayern beschlagnahmt, um dort Geflüchtete unterzubringen. Warum das aktuell nicht passiert und rechtlich nur im absoluten Notfall möglich ist, zeigt dieser #Faktenfuchs.",Flüchtlingsunterbringung,Migration & Asyl
249,br-faktenfuchs,"https://www.br.de/nachrichten/wissen/energy-drinks-risiko-ja-todesfaelle-unwahrscheinlich-faktenfuchs,TZEkehw","Energy-Drinks: Gesundheitsrisiko ja, Todesfälle unwahrscheinlich",,"Immer wieder tauchen Berichte über Jugendliche auf, die angeblich nach dem Konsum von Energy-Drinks sterben. Ein Blick auf die medizinischen Erkenntnisse zeigt: Energy-Drinks sind zwar ungesund, Todesfälle aber unwahrscheinlich. Ein #Faktenfuchs.",Gesundheit,Gesundheit & Wissenschaft
291,br-faktenfuchs,"https://www.br.de/nachrichten/deutschland-welt/wie-prorussische-propaganda-assange-und-snowden-vereinnahmt,TfAh03N",Wie prorussische Propaganda Assange und Snowden vereinnahmt,,"Snowden und Assange haben die USA in Bedrängnis gebracht. Für die Belange der beiden treten viele ein, denen Pressefreiheit und Menschenrechte wichtig sind. Genau diese Menschen sind eine Zielgruppe prorussischer Propaganda. Ein #Faktenfuchs.",Russische Propaganda,Verschwörungstheorien
258,br-faktenfuchs,"https://www.br.de/nachrichten/wirtschaft/faktenfuchs-fachkraeftemangel-linderung-nur-mit-zuwanderung,TmLfY4K",Fachkräftemangel lindern - nur mit Zuwanderung?,,"Noch gibt es keinen flächendeckenden Fachkräftemangel in Deutschland, doch schon heute können viele Stellen nicht besetzt werden. Wie kann man darauf reagieren - und könnten wir es uns leisten, auf Zuwanderung zu verzichten? Ein #Faktenfuchs.",Fachkräftemangel,Politik & Regierung
268,br-faktenfuchs,"https://www.br.de/nachrichten/deutschland-welt/faktenfuchs-mufti-von-jerusalem-war-nicht-hitlers-ideengeber,Txk5oru",Mufti von Jerusalem war nicht Hitlers Ideengeber,,"Ein altes Video des israelischen Ministerpräsidenten Benjamin Netanjahu kursiert im Internet. Darin behauptet er, der Mufti von Jerusalem, Amin al-Husseini, habe Hitler auf die Idee des Holocaust gebracht. Doch das ist falsch. Ein #Faktenfuchs.",Holocaust,Verschwörungstheorien
234,br-faktenfuchs,"https://www.br.de/nachrichten/deutschland-welt/faktenfuchs-5g-nach-derzeitigem-wissensstand-ungefaehrlich,U3grFg6",5G nach derzeitigem Wissensstand ungefährlich,,Die neuen 5G-Mobilfunknetze decken mittlerweile fast gesamt Deutschland ab. Manche Menschen sorgen sich deswegen um ihre Gesundheit. Was sagen die Wissenschaft und die Behörden zu diesem Thema? Ein #Faktenfuchs.,5G-Mobilfunk,Gesundheit & Wissenschaft
219,br-faktenfuchs,"https://www.br.de/nachrichten/bayern/briefwahl-vorfall-in-bad-reichenhall-was-bekannt-ist-faktenfuchs,UDhoMIr",Bad Reichenhall: Was zum Briefwahl-Vorfall bisher bekannt ist,,"In Bad Reichenhall hat ein Fehler bei der Ausgabe der Briefwahlunterlagen zum Verdacht auf Wahlbetrug geführt. Da aber die Fakten erst verzögert bekannt gegeben wurden, konnten sich die entsprechenden Gerüchte schnell verbreiten. Ein #Faktenfuchs.",Briefwahl,Wahlen & Wahlkampf
214,br-faktenfuchs,"https://www.br.de/nachrichten/bayern/faktenfuchs-so-viel-zahlt-die-eu-fuer-bayerns-hochwasserschutz,UI997Bm",So viel zahlt die EU für Bayerns Hochwasserschutz,,"Nach der Hochwasserkatastrophe geht das Rechnen und Diskutieren los: Wie viel wurde in Bayern für Hochwasserschutz ausgegeben? Und ist das genug? Auch die EU fördert bayerische Projekte. Der #Faktenfuchs hat recherchiert, wie hoch die Zahlen sind.",Hochwasserschutz,Klima & Umwelt
198,br-faktenfuchs,"https://www.br.de/nachrichten/bayern/faktenfuchs-krankenhaussterben-wer-ist-schuld,UNVakMV",Wer ist schuld am Krankenhaussterben?,,Vielen Krankenhäusern geht es finanziell schlecht. Laut Bayerns Wirtschaftsminister Hubert Aiwanger trägt der Bund die Verantwortung dafür. Aber das ist nicht die ganze Wahrheit. Ein #Faktenfuchs.,Krankenhausfinanzierung,Politik & Regierung
182,br-faktenfuchs,"https://www.br.de/nachrichten/deutschland-welt/geld-fuer-fluechtlinge-wie-uns-zahlen-in-die-irre-fuehren,UU5auKR",Geld für Flüchtlinge: Wie uns Zahlen in die Irre führen,,"Seit Jahren teilen Verbreiter von Falschinformation Berichte über Geldbeträge in sozialen Medien. Ihr Ziel: Stimmung machen gegen Leistungen für Flüchtlinge. Dahinter steckt die Strategie, Gruppen gegeneinander auszuspielen. Ein #Faktenfuchs.",Asylleistungen,Migration & Asyl
162,br-faktenfuchs,"https://www.br.de/nachrichten/deutschland-welt/was-die-bundestagswahl-sicher-macht-faktenfuchs,UZHoVSL",Was die Bundestagswahl sicher macht,,Wie ist die Bundestagswahl abgesichert gegen Betrugsversuche? Welche Kontrollen gibt es? Die Antworten finden Sie hier.,Wahlsicherheit,Wahlen & Wahlkampf
164,br-faktenfuchs,"https://www.br.de/nachrichten/deutschland-welt/faktenfuchs-wahlarena-mit-freie-waehler-afd-linke-und-bsw,UcVPKjl","Wahlarena mit Freie Wähler, AfD, Linke und BSW",,"Vor der Bundestagswahl 2025 stellten sich die bayerischen Spitzenkandidaten Hubert Aiwanger (Freie Wähler), Ates Gürpinar (Die Linke), Klaus Ernst (BSW) und Stephan Protschka (AfD) den Fragen der Bürgerinnen und Bürger. Ihre Aussagen im Faktencheck.",Bundestagswahl,Wahlen & Wahlkampf
153,br-faktenfuchs,"https://www.br.de/nachrichten/wissen/konfrontativer-mexiko-brief-an-trump-ist-ein-fake-faktenfuchs,Uea48Mw",Konfrontativer Mexiko-Brief an Trump ist ein Fake,,Ein angeblicher Brief von Mexikos Präsidentin Claudia Sheinbaum an Donald Trump verbreitet sich auf WhatsApp und anderen Netzwerken. Doch er ist erfunden – und wird seit Jahren immer wieder geteilt.,US-Mexiko-Beziehungen,Desinformation & Falschmeldungen
142,br-faktenfuchs,"https://www.br.de/nachrichten/deutschland-welt/faktenfuchs-videos-ueber-vermeintliche-afd-demos-sind-gefaelscht,UiW7pao",Videos über vermeintliche AfD-Demos sind gefälscht,,"Manipulierte Videos vermitteln den falschen Eindruck, in deutschen Großstädten wie München und Nürnberg gingen massenhaft Menschen für die AfD auf die Straße. Der #Faktenfuchs erklärt, was dahintersteckt.",Desinformation,Desinformation & Falschmeldungen
132,br-faktenfuchs,"https://www.br.de/nachrichten/sport/faktenfuchs-fifa-will-den-usa-nicht-die-wm-wegnehmen,UntDVFE","FIFA will den USA nicht die WM ""wegnehmen""",,Wird die WM 2026 doch nicht wie geplant in den USA ausgetragen? Das wird in Videos auf TikTok behauptet. Doch dafür gibt es keine Belege.,Fußball-WM,Online-Sicherheit & Betrug
587,br-faktenfuchs,"https://www.br.de/nachrichten/wissen/faktenfuchs-klimawandel-oder-sommer-wie-frueher,Ut5AdDE","Klimawandel oder ""Sommer wie früher""?",,"In Bayern ist die Zahl der heißen Tage in den vergangenen Jahrzehnten deutlich gestiegen. Trotzdem hört man: ""Früher war es auch schon heiß!"" Unterstellt wird: Panikmache. Warum die Erinnerung hier aber täuschen kann – und wie das ausgenutzt wird.",Klimawandel,Klima & Umwelt
577,br-faktenfuchs,"https://www.br.de/nachrichten/netzwelt/faktenfuchs-ki-video-von-bayern-fan-vor-br-mikro-geht-viral,UzbJSp5",KI-Video von Bayern-Fan vor BR-Mikro geht viral,,"Auf Instagram geht ein KI-generiertes Video eines jungen FC-Bayern-Fans viral. Der Clip gibt vor, dass der Bub dem BR ein Interview gibt. Derartige Videos, genannt ""AI Slop"", fluten derzeit die Social-Media-Timelines. Ein #Faktenfuchs.",KI-generierte Desinformation,Desinformation & Falschmeldungen
100,correctiv,https://correctiv.org/faktencheck/2025/02/28/bundestagswahl-2025-wie-muss-eine-wahlurne-verschlossen-sein/,Bundestagswahl 2025: Wie muss eine Wahlurne verschlossen sein?,BUNDESTAGSWAHL 2025,"Hartnäckig hält sich die Falschbehauptung, Wahlurnen müssten versiegelt sein. Zur Bundestagswahl 2025 kursierten Bilder von angeblich falsch verschlossenen Urnen in Nordrhein-Westfalen. Doch Wahlurnen brauchen nicht zwingend ein Siegel.",Wahlbetrug,Wahlen & Wahlkampf
92,correctiv,https://correctiv.org/faktencheck/2025/03/12/bundestagswahl-2025-warum-das-vorlaeufige-wahlergebnis-von-angaben-der-gemeinden-abweicht/,Bundestagswahl 2025: Warum das vorläufige Wahlergebnis von Angaben der Gemeinden abweicht,BUNDESTAGSWAHL 2025,"Nach der Bundestagswahl sorgt ein Video für Spekulationen über Wahlbetrug. Darin zeigt ein Mann, dass sich Ergebnisse der Wahlkreise und der Bundeswahlleitung unterscheiden – angeblich vor allem zum Nachteil der Partei BSW. Ein Faktencheck zeigt, was dahinter steckt.",Bundestagswahl,Wahlen & Wahlkampf
83,correctiv,https://correctiv.org/faktencheck/2025/03/21/gefaelschte-action-verlosung-wer-diese-gaense-zaehlt-gewinnt-kein-iphone/,"Gefälschte Action-Verlosung: Wer diese Gänse zählt, gewinnt kein iPhone",FAKTENCHECK,"Auf Facebook kommentieren hunderte Nutzerinnen und Nutzer eine angebliche Verlosung mit dem Logo der Discounterkette Action. Wir erklären, warum die Seiten unseriös sind – zu gewinnen gibt es dort nichts.",Phishing,Online-Sicherheit & Betrug
74,correctiv,https://correctiv.org/faktencheck/2025/03/28/keine-belege-fuer-geplante-kindergeld-abschaffung-durch-cdu-chef-friedrich-merz/,Keine Belege für geplante Kindergeld-Abschaffung durch CDU-Chef Friedrich Merz,FAKTENCHECK,"Tiktok-Videos mit dramatischer Musik berichten davon, dass CDU-Chef Friedrich Merz plane, das Kindergeld abzuschaffen. Doch dafür gibt es keine Belege. Die Union hat laut Wahlprogramm andere Pläne.",Kindergeld,Politik & Regierung
66,correctiv,https://correctiv.org/faktencheck/2025/04/07/taylor-swift-hat-nicht-angekuendigt-wegen-elon-musk-nach-kanada-zu-ziehen/,"Taylor Swift hat nicht angekündigt, wegen Elon Musk nach Kanada zu ziehen",FAKTENCHECK,"Auf Facebook hat eine angebliche Eilmeldung mehr als 20.000 Likes bekommen: Taylor Swift zieht wegen Elon Musk angeblich nach Kanada, heißt es darin. Doch für diese Meldung gibt es keine Belege, sie ist frei erfunden.",Falschmeldungen über Prominente,Desinformation & Falschmeldungen
57,correctiv,https://correctiv.org/faktencheck/2025/04/23/hunderte-kohlekraftwerke-und-millionen-aus-deutschland-was-an-diesen-zahlen-ueber-china-dran-ist/,Hunderte Kohlekraftwerke und Millionen aus Deutschland: Was an diesen Zahlen über China dran ist,FAKTENCHECK,Laut Beiträgen in Sozialen Netzen soll China hunderte Kohlekraftwerke bauen und gleichzeitig Entwicklungshilfe aus Deutschland bekommen. Doch das stimmt nur zum Teil.,Entwicklungshilfe,Verschwörungstheorien
48,correctiv,https://correctiv.org/faktencheck/2025/05/06/us-gesundheitsminister-kennedy-jr-gewann-keinen-prozess-zu-covid-impfungen-am-obersten-gerichtshof/,Robert F. Kennedy Jr. gewann keinen Corona-Prozess am Obersten Gerichtshof,FAKTENCHECK,"Online macht ein Kettenbrief über eine angeblich erfolgreiche Klage des US-Gesundheitsministers Robert F. Kennedy Junior die Runde: Demnach soll der Oberste Gerichtshof bestätigt haben, dass Covid-19-Impfstoffe irreparable Schäden auslösen. Das stimmt nicht.",Corona-Impfungen,Gesundheit & Wissenschaft
40,correctiv,https://correctiv.org/faktencheck/2025/05/16/faktencheck-meeresspiegel-in-venedig-italien-steigt/,"Doch, der Meeresspiegel in Venedig steigt",FAKTENCHECK,"AfD-Politiker Miguel Klauß behauptet, der Meeresspiegel in Venedig habe sich seit über 1.500 Jahren nicht verändert. Doch Messdaten zeigen: Der Meeresspiegel in Venedig steigt und die Stadt sinkt.",Klimawandel,Klima & Umwelt
31,correctiv,https://correctiv.org/faktencheck/hintergrund/2025/06/11/koalitionsplaene-zu-totalsanktionen-beim-buergergeld-sind-rechtlich-umstritten/,Koalitionspläne zu Totalsanktionen beim Bürgergeld sind rechtlich umstritten,POLITIK,"In ihrem Koalitionsvertrag forderte die neue Regierung für Arbeitslose, die mehrfach eine Arbeit ablehnen, einen vollständigen Leistungsentzug. Und das obwohl das Verfassungsgericht solche Sanktionen bereits 2019 einschränkte. Sind die Pläne der Koalition rechtmäßig?",Bürgergeld,Politik & Regierung
22,correctiv,https://correctiv.org/faktencheck/2025/06/23/ukraine-krieg-video-von-sich-bewegender-leiche-beweist-keine-inszenierung/,Ukraine-Krieg: Video von sich bewegender „Leiche“ beweist keine Inszenierung,FAKTENCHECK,"Ein Video, in dem sich eine vermeintliche Leiche bewegt, soll beweisen, dass in der Ukraine Kriegsopfer für Fernsehberichte inszeniert werden. Der Hintergrund des Videos ist jedoch ein ganz anderer.",Ukraine-Krieg,Ukraine-Konflikt
13,correctiv,https://correctiv.org/faktencheck/2025/07/17/mit-welchen-tricks-klimawandelleugner-steve-milloy-temperaturdaten-aus-den-usa-verdreht/,Mit welchen Tricks Klimawandelleugner Steve Milloy Temperaturdaten aus den USA verdreht,FAKTENCHECK,"Klimawandelleugner Steve Milloy behauptet, in den USA habe es seit 2012 keine „globale Erwärmung“ gegeben. Das soll eine Grafik der US-Wetterbehörde NOAA belegen. Warum das nicht stimmt, erklären wir im Faktencheck.",Klimawandel,Klima & Umwelt
5,correctiv,https://correctiv.org/faktencheck/2025/07/25/wie-ein-saechsischer-afd-politiker-ohne-belege-stimmung-gegen-queere-gefluechtete-macht/,Wie ein sächsischer AfD-Politiker ohne Belege Stimmung gegen queere Geflüchtete macht,FAKTENCHECK,"Ein sächsischer AfD-Politiker behauptet, „Whirlpool-Veranstaltungen“ queerer Afghanen seien mit 68.000 Euro aus Steuermitteln gefördert worden. Doch die Summe ist nirgends zu finden.",Migration,Migration & Asyl
566,correctiv,https://correctiv.org/faktencheck/2025/08/12/sommerinterview-mit-baerbel-bas-wird-buergergeld-weitergezahlt-wenn-jemand-unbekannt-verzieht/,"Sommerinterview mit Bärbel Bas: Wird Bürgergeld weitergezahlt, wenn jemand unbekannt verzieht?",POLITIK,"Im Sommerinterview mit Bärbel Bas ging es zumeist um ihre Pläne für die Rente und das Bürgergeld. Dabei unterlief der Ministerin zumindest eine Ungenauigkeit beim Thema Sanktionen. Auch eine Behauptung zu der Anzahl Geiseln, die die Hamas noch gefangen hält, ist nicht korrekt.",Bürgergeld,Politik & Regierung
557,correctiv,https://correctiv.org/faktencheck/2025/09/10/ob-wahl-in-ludwigshafen-nein-afd-politiker-joachim-paul-wurde-nicht-wegen-tolkien-zitat-ausgeschlossen/,"OB-Wahl in Ludwigshafen: Nein, AfD-Politiker Joachim Paul wurde nicht „wegen Tolkien-Zitat“ ausgeschlossen",POLITIK,"Für die Oberbürgermeister-Wahl in Ludwigshafen am Rhein darf Joachim Paul im September 2025 nicht antreten. Manche behaupten im Netz, er sei ausgeschlossen, weil er literarische Werke wie das von Tolkien zitiert habe. Das ist irreführend: Pauls Ausschluss lagen mehrere Anhaltspunkte zugrunde, die seine Verfassungstreue infrage stellten.",Verfassungsschutz,Extremismus & Sicherheit
549,correctiv,https://correctiv.org/faktencheck/hintergrund/2025/09/30/das-buergergeld-die-hartnaeckigsten-behauptungen-im-faktencheck/,Das Bürgergeld: Die hartnäckigsten Behauptungen im Faktencheck,POLITIK,"Es sei zu teuer, biete zu wenig Anreiz zum Arbeiten oder verleite zu Sozialbetrug – immer wieder kursieren online und in der Politik Behauptungen über das Bürgergeld. Wir haben uns die größten Narrative der letzten Jahre genauer angeschaut.",Bürgergeld,Politik & Regierung
540,correctiv,https://correctiv.org/faktencheck/2025/10/22/gewaltvideo-im-bus-mit-openai-sora-erstellt-so-erkennen-sie-ki-faelschungen/,Gewaltvideo im Bus mit Open AI’s Sora erstellt – so erkennen Sie KI-Fälschungen,GESELLSCHAFT,"Ein Clip auf Tiktok wirft Fragen auf: Er zeigt, wie ein junger Mann lachend eine ältere Dame von ihrem Sitz im Bus schubst. Einigen entgeht dabei, dass das Video mit der KI-App Sora erstellt wurde.",KI-generierte Videos,Künstliche Intelligenz
531,correctiv,https://correctiv.org/faktencheck/2025/10/30/fakes-auf-tiktok-angebliche-kilometersteuer-fuer-autofahrer-gibt-es-nicht/,Fakes auf Tiktok: Angebliche Kilometersteuer für Autofahrer gibt es nicht,AUS DER COMMUNITY,"In Videos auf Tiktok wird behauptet, pro gefahrenen Kilometer im Auto müsse man ab Dezember acht Cent Steuern zahlen. Das hätte Bundeskanzler Friedrich Merz angekündigt. Das ist erfunden, hinter der Falschbehauptung steckt eine bekannte Masche.",Steuern,Politik & Regierung
523,correctiv,https://correctiv.org/faktencheck/2025/11/14/erika-steinbach-wollte-alnatura-boykottieren-und-verdrehte-dabei-ein-ereignis-aus-2019/,Erika Steinbach wollte Alnatura boykottieren – und verdrehte dabei ein Ereignis aus 2019,WIRTSCHAFT UND UMWELT,"Der Biomarkt Alnatura wolle keine AfD-Wählerinnen und -wähler als Kunden, behauptete die AfD-Politikerin Steinbach. Das ist falsch. Eine Sprecherin bestätigt, dass sich das Unternehmen nie so geäußert hat. 2019 nahm man jedoch Produkte eines AfD-Funktionärs aus dem Sortiment.",AfD,
604,correctiv,https://correctiv.org/faktencheck/2025/12/05/gebetsruf-auf-weihnachtsmarkt-nein-video-hat-anderen-kontext/,"Gebetsruf auf Weihnachtsmarkt? Nein, Video hat anderen Kontext",GESELLSCHAFT,"Ein Video, das einen islamischen Gebetsruf auf einem Weihnachtsmarkt zeigen soll, sorgt online für anti-muslimische Hetze. Doch die Aufnahme ist nicht nur alt, sie ist auch nicht auf einem Weihnachtsmarkt entstanden.",Islam und Muslime,
595,correctiv,https://correctiv.org/faktencheck/2025/12/16/foto-von-mann-in-pakistan-trikot-zeigt-nicht-taeter-von-sydney/,Foto von Mann in Pakistan-Trikot zeigt nicht Täter von Sydney,GESELLSCHAFT,"Auf X verbreiten zahlreiche Konten Fotos von einem der mutmaßlichen Täter von Sydney, doch nicht alle Fotos zeigen ihn tatsächlich. Aufgrund der Falschinformation fürchtet ein Unbeteiligter um seine Sicherheit.",Falschidentifikation in Sozialen Medien,Online-Sicherheit & Betrug
516,tagesschau-faktenfinder,https://www.tagesschau.de/faktenfinder/was-sind-fake-news-101.html,Ältere besonders anfällig?,Verbreitung von Fake News,"Die Forscherin Pia Lamberty warnt im faktenfinder-Podcast, die ältere Generation werde übersehen, wenn es um die Bekämpfung von Fake News geht. Zudem müssten Medien klar benennen, was falsch sei.",Medienkompetenz,
495,tagesschau-faktenfinder,https://www.tagesschau.de/faktenfinder/israel-hamas-social-media-100.html,Warum pro-palästinensische Posts dominieren,Krieg in sozialen Netzwerken,"Seit dem Angriff der militant-islamistischen Hamas ist der Krieg in Nahost auch in den sozialen Netzwerken allgegenwärtig. Erste Analysen zeigen, dass die pro-palästinensische Seite dort deutlich die Oberhand besitzt.",Nahostkonflikt in Sozialen Medien,
490,tagesschau-faktenfinder,https://www.tagesschau.de/faktenfinder/kontext/who-pandemievertrag-100.html,Woran es beim Pandemievertrag noch hakt,Geplantes WHO-Abkommen,Eigentlich sollte der Pandemievertrag der WHO Ende Mai verabschiedet werden - doch die Zeit drängt. Vor allem bei den Themen Verteilungsgerechtigkeit und Patentrechte liegen die Ansichten weit auseinander.,Pandemieverträge und Pandemievorsorge,
467,tagesschau-faktenfinder,https://www.tagesschau.de/faktenfinder/sonnencreme-hautkrebs-100.html,Wie gut schützt Sonnencreme vor Hautkrebs?,Mythen zum Thema Sonnenschutz,"Immer wieder heißt es, Sonnencreme würde nicht vor Hautkrebs schützen. Einige behaupten sogar, sie würde Hautkrebs fördern. Doch das ist falsch. Allerdings ist Sonnencreme allein nicht ausreichend.",Hautkrebs,
482,tagesschau-faktenfinder,https://www.tagesschau.de/faktenfinder/ukraine-fluechtlinge-auto-100.html,Ukrainer bekommen nicht generell ein Auto bezahlt,Jobcenter dementiert,"Posts in sozialen Medien behaupten, dass Jobcenter allen ukrainischen Flüchtlingen den Autokauf finanzieren. Als Kronzeuge wird ein Gebrauchtwagenhändler genannt - der spricht inzwischen aber von einem ""Missverständnis"".",Ukrainische Flüchtlinge,
340,tagesschau-faktenfinder,https://www.tagesschau.de/faktenfinder/kontext/jahrestag-hamas-angriff-desinformation-100.html,Ein Krieg begleitet von Desinformation,Jahrestag des 7. Oktober,Falschbehauptungen und Verschwörungsnarrative spielen seit dem Angriff der Hamas am 7. Oktober 2023 auf Israel eine große Rolle beim Krieg in Nahost. Eine Bilanz über Strategien und weit verbreitete Postings.,Israel-Gaza-Konflikt,
390,tagesschau-faktenfinder,https://www.tagesschau.de/faktenfinder/kontext/silvester-boellern-auswirkungen-102.html,Welche Folgen hat das Böllern wirklich?,Von Verletzungen bis Feinstaub,"Feinstaub, ängstliche Tiere, volle Krankenhäuser: Jedes Jahr wird zum Jahreswechsel über die Auswirkungen von Feuerwerkskörpern diskutiert. Aber wie gravierend sind die Folgen des Böllerns wirklich?",Auswirkungen von Feuerwerk,
361,tagesschau-faktenfinder,https://www.tagesschau.de/faktenfinder/kontext/ezb-digitaler-euro-104.html,Wie mit dem digitalen Euro Ängste geschürt werden,Desinformation,Die Vorbereitungsphase für die Einführung einer europäischen digitalen Währung soll im Herbst enden. Für Verschwörungsideologen ein Untergangsszenario. Dabei sind die Pläne noch gar nicht abgeschlossen,Digitale Währung,
325,tagesschau-faktenfinder,https://www.tagesschau.de/faktenfinder/soeder-spahn-nius-100.html,Manipulierte Söder-Zitate in sozialen Netzwerken,Aussagen aus Pressekonferenz,Von einer Pressekonferenz des bayerischen Ministerpräsidenten Söder kursieren im Netz derzeit zwei sinnentstellte Zitate. So soll er angeblich stark gegen Spahn wegen der Maskenaffäre ausgeteilt haben. Doch das stimmt nicht.,Manipulierte Zitate,
624,tagesschau-faktenfinder,https://www.tagesschau.de/faktenfinder/grossbritannien-polizei-fake-100.html,,,"""In England kamen Polizisten zu einem Haus, weil die Tochter vor Monaten nur einen Social-Media-Post angesehen hatte - nicht kommentiert, nicht geteilt."" Das behaupten mehrere reichweitenstarke Nutzer in den sozialen Netzwerken - sowohl englischsprachige als auch deutsche. Dazu teilen sie ein gut einminütiges Video, das diese Behauptung angeblich beweisen soll. Doch das ist irreführend.",Soziale Medien und Strafverfolgung,
107,br-faktenfuchs,"https://www.br.de/nachrichten/deutschland-welt/faktenfuchs-wir-sind-erreichbar,SRA7o7k",Wir sind erreichbar,,Haben Sie Hinweise auf Falschbehauptungen? Oder haben Sie einen Fehler entdeckt? Schreiben Sie uns!,Kontaktinformation,
299,br-faktenfuchs,"https://www.br.de/nachrichten/wirtschaft/faktenfuchs-wie-effizient-ist-windenergie,TBxRJZB",Wie effizient ist Windenergie?,,"Kritiker der Windenergie bezweifeln, dass sich diese Energieform rentiert. Im Netz wird behauptet, Windräder verbrauchten bei der Herstellung mehr CO2, als sie später einsparen. Und die Windkraft lohne sich auch finanziell nicht. Ein #Faktenfuchs.",Windenergie,
243,br-faktenfuchs,"https://www.br.de/nachrichten/netzwelt/warum-sich-flat-earth-theorien-jetzt-auch-auf-tiktok-verbreiten,TZKHRzC",Warum sich Flat-Earth-Theorien jetzt auch auf TikTok verbreiten,,"Der Glaube, die Erde sei flach, ist uralt – und so etwas wie der Klassiker unter den Verschwörungstheorien. Seit Kurzem verbreiten sich sogenannte Flat-Earth-Inhalte auch auf TikTok. Warum glauben junge Leute daran?",Verschwörungstheorien,Verschwörungstheorien
273,br-faktenfuchs,"https://www.br.de/nachrichten/wirtschaft/wie-eine-angebliche-bargeldabschaffung-aengste-schueren-soll,Tnk5Nj8",Wie eine angebliche Bargeldabschaffung Ängste schüren soll,,"Rechtspopulisten warnen vor einer angeblich drohenden Bargeldabschaffung, um Angst vor ""totaler Überwachung"" zu verbreiten. Wieso sich dieses Thema so gut dafür eignet und welche Rolle Verschwörungstheorien dabei spielen. Ein #Faktenfuchs.",Bargeld,
233,br-faktenfuchs,"https://www.br.de/nachrichten/deutschland-welt/faktenfuchs-was-ist-eigentlich-mobilfunkstrahlung-und-5g,U3hSTGl",Was ist eigentlich Mobilfunkstrahlung und 5G?,,"Die neuen 5G-Mobilfunknetze decken mittlerweile fast gesamt Deutschland ab. Doch was ist eigentlich Mobilfunkstrahlung, wie funktioniert dieses Netz und was ist 5G? Ein #Faktenfuchs.",Mobilfunkstrahlung und 5G,
208,br-faktenfuchs,"https://www.br.de/nachrichten/wissen/faktenfuchs-mehrere-tausend-hitzetote-pro-jahr,UHYM6HH",Mehrere Tausend Hitzetote pro Jahr,,"Sobald es im Sommer richtig heiß wird, beginnen die Diskussionen: Die einen warnen vor Tausenden Toten, die anderen vor Panikmache. Beide Seiten hantieren mit Zahlen, die ihre Sicht stützen. Was stimmt? Und warum sind die Zahlen so unterschiedlich?",Hitzetodesfälle,
185,br-faktenfuchs,"https://www.br.de/nachrichten/netzwelt/deepfake-von-merz-was-bedeutet-er-fuer-den-bundestagswahlkampf,UUCtkLv",Deepfake von Merz - was bedeutet er für den Bundestagswahlkampf?,,Ein SPD-Abgeordneter teilte einen Deepfake von CDU-Kanzlerkandidat Friedrich Merz und wird dafür kritisiert. Welche Rolle werden Deepfakes voraussichtlich im Bundestagswahlkampf spielen? Ein #Faktenfuchs.,Deepfakes im Wahlkampf,
161,br-faktenfuchs,"https://www.br.de/nachrichten/netzwelt/satire-mit-ki-fakes-zwischen-humor-und-falschinformation-ein-faktenfuchs,UcaRubR",Satire mit KI-Fakes: Zwischen Humor und Falschinformation,,KI-Bilder von Karl Lauterbach oder Frank-Walter Steinmeier: Auf Social Media machen solche Fakes im Wahlkampf Stimmung. Die Grenze zwischen Satire und Falschinformation ist nicht einfach zu ziehen. Doch es gibt Hinweise. Ein #Faktenfuchs.,KI-generierte Deepfakes,
141,br-faktenfuchs,"https://www.br.de/nachrichten/deutschland-welt/die-butscha-luegen-der-prorussischen-propaganda-faktenfuchs,UjqMHbV",Die Butscha-Lügen der prorussischen Propaganda,,"In Butscha, einem Vorort von Kiew, töteten russische Soldaten im Frühjahr 2022 Zivilisten. Die Belege dafür sind umfassend und öffentlich zugänglich. Dennoch verzerren prorussische Akteure — auch in Deutschland — weiterhin die Fakten. Warum?",Kriegsverbrechen Ukraine,
584,br-faktenfuchs,"https://www.br.de/nachrichten/bayern/soeders-aussagen-beim-ard-sommerinterview-im-faktencheck,UuoBSW8",Söders Aussagen beim ARD-Sommerinterview im Faktencheck,,Viele der Aussagen von CSU-Chef Markus Söder halten einer Überprüfung stand. Bei der Aufnahme von Migranten liegt Bayern aber hinter NRW - und bei seinen Äußerungen zu Ukrainern und der Wärmepumpe lässt er Kontext weg.,Söder Wahlkampf,
99,correctiv,https://correctiv.org/faktencheck/2025/03/04/kein-wahlbetrug-meldung-ueber-3-000-entsorgte-afd-stimmzettel-in-der-elbe-ist-erfunden/,Kein Wahlbetrug: Meldung über 3.000 entsorgte AfD-Stimmzettel in der Elbe ist erfunden,BUNDESTAGSWAHL 2025,"Angeblich wurden in Magdeburg nach der Bundestagswahl 2025 über 3.000 AfD-Stimmzettel in der Elbe gefunden und nach Dresden gebracht. Das ist erfunden, weder die Polizei in Magdeburg noch die Stadtverwaltung in Dresden meldeten einen solchen Vorfall.",Wahlbetrug,Wahlen & Wahlkampf
82,correctiv,https://correctiv.org/faktencheck/2025/03/21/70-prozent-in-deutschland-wollen-tesla-kaufen-umfrage-wurde-mutmasslich-manipuliert/,70 Prozent in Deutschland wollen Tesla kaufen? Umfrage wurde mutmaßlich manipuliert,FAKTENCHECK,"Auf X heißt es, 70 Prozent der Befragten hätten in einer Umfrage des Nachrichtenportals T-Online angegeben, einen Tesla kaufen zu wollen. Doch T-Online vermutet Manipulation. Andere Zahlen sprechen für die zunehmende Unbeliebtheit des E-Auto-Herstellers.",Tesla,
65,correctiv,https://correctiv.org/faktencheck/2025/04/09/un-charta-feindstaatenklausel-ist-spaetestens-seit-1995-hinfaellig/,UN-Charta: Feindstaatenklausel ist spätestens seit 1995 hinfällig,FAKTENCHECK,"Ist es Russland per UN-Charta erlaubt, in Deutschland militärisch zu intervenieren, wenn die Regierung Taurus-Raketen an die Ukraine liefern würde? Das behaupten Nutzerinnen und Nutzer in Sozialen Netzwerken. Angeblich wäre das über die Feindstaatenklausel möglich. Doch die ist seit Jahrzehnten hinfällig.",Vereinte Nationen,
47,correctiv,https://correctiv.org/faktencheck/2025/05/07/blue-origin-wie-viel-co2-verursachte-katy-perrys-weltraumflug/,Blue Origin: Wie viel CO2 verursachte Katy Perrys Weltraumflug?,FAKTENCHECK,"Blue Origin schickte Mitte April die Popsängerin Katy Perry und fünf weitere Frauen ins All. Im Anschluss verbreiten sich Behauptungen zum CO2-Fußabdruck der „New Shepard“-Rakete, auch Ricarda Lang teilte eine solche. Was über die Umweltauswirkungen des Weltraum-Ausflugs bekannt ist.",Weltraumtourismus,
30,correctiv,https://correctiv.org/faktencheck/2025/06/12/covid-19-nein-die-eu-hat-den-astrazeneca-impfstoff-nicht-verboten/,"Covid-19: Nein, die EU hat den Astrazeneca-Impfstoff nicht verboten",FAKTENCHECK,"Im Netz heißt es, dass der Covid-19-Impfstoff von Astrazeneca in Europa verboten wurde und der Konzern zugeben musste, dass der Impfstoff „gefährlich“ sei. Doch das Ende der Zulassung wurde vom Hersteller selbst beantragt.",COVID-19-Impfstoff,
12,correctiv,https://correctiv.org/faktencheck/2025/07/17/nein-die-rheinbahn-verlost-keine-6-monats-tickets-fuer-235-euro/,"Nein, die Rheinbahn verlost keine 6-Monats-Tickets für 2,35 Euro",FAKTENCHECK,"Ein Facebook-Beitrag wirbt mit „unbegrenzten Fahrten für nur 2,35 Euro“ mit der Rheinbahn in Düsseldorf. Dahinter steckt eine internationale Betrugsmasche, um an persönliche Daten und Kreditkarten-Informationen zu kommen.",Betrügereien im Internet,
565,correctiv,https://correctiv.org/faktencheck/2025/08/13/warum-es-keine-option-ist-auf-sonnencreme-zu-verzichten-und-welche-unterschiede-es-gibt/,"Warum es keine Option ist, auf Sonnencreme zu verzichten – und welche Unterschiede es gibt",GESUNDHEIT,"Influencer Fabian Kowallik behauptet, Sonnencreme mit dem Inhaltsstoff Octocrylen sei krebserregend. Das stimmt so nicht – empfohlen ist bisher nur, dass solche Cremes nach Ablauf des Verfallsdatums entsorgt werden sollten. Zudem gibt es Alternativen.",Sonnencreme und UV-Schutz,
548,correctiv,https://correctiv.org/faktencheck/2025/10/07/mick-jagger-angebliche-schweigeminute-fuer-charlie-kirk-ist-erfunden/,Mick Jagger: Angebliche Schweigeminute für Charlie Kirk ist erfunden,GESELLSCHAFT,"Nach dem Attentat auf den extrem rechten Aktivisten Charlie Kirk wurden zahlreiche Falschbehauptungen geteilt. Darunter etwa, dass Mick Jagger eine Schweigeminute abgehalten habe. Das stimmt nicht.",Falschmeldungen über Prominente,Desinformation & Falschmeldungen
530,correctiv,https://correctiv.org/faktencheck/2025/10/31/geruechtekiller-7-krabbeln-spinnen-wieder-aus-dem-staubsauger-raus/,Gerüchtekiller #7: Krabbeln Spinnen wieder aus dem Staubsauger raus?,GERÜCHTEKILLER,"Wenn es kälter wird, scheinen Spinnen vermehrt in die Häuser und Wohnung zu kommen, wo sie bei einigen Menschen Hektik auslösen. Die rücken ihnen dann oft mit einem Staubsauger zu Leibe. Viele fragen sich: Bleiben die Spinnen im Beutel oder können sie wieder entkommen?",Spinnen,
603,correctiv,https://correctiv.org/faktencheck/2025/12/08/geruechtekiller-8-ist-es-schaedlich-mit-den-fingerknoecheln-zu-knacken/,"Gerüchtekiller #8: Ist es schädlich, mit den Fingerknöcheln zu knacken?",GERÜCHTEKILLER,Mit den Fingerknöcheln zu knacken soll angeblich Arthrose verursachen oder anderweitig schädlich für die Gelenke sein. Stimmt das?,Gesundheit,Gesundheit & Wissenschaft
